{"name":"Autodesk Design Description","version":"0.1","designDescription":{"id":"0","name":"XRef File Design","currentVersion":"22","designGraphs":[{"creationDate":"2019-11-22T08:31:59+0000","creatingService":"wipdm","rootIds":[1929196],"designObjectRefs":[],"designObjects":[{"id":1929198,"version":1,"about":"urn:adsk.wipprod:fs.file:vf.Al4d-sBnRSCMmnfWbLYrOQ?version=1","lineage":"urn:adsk.wipprod:dm.lineage:Al4d-sBnRSCMmnfWbLYrOQ","from":"urn:adsk.objects:os.object:wip.dm.prod/224ad939-1c8b-4074-bf6e-6b074254b939.f3d","relativePath":"476f7fe8-c0e6-4e5b-9dd8-7cea3343b9ef.f3d","downloadAs":"476f7fe8-c0e6-4e5b-9dd8-7cea3343b9ef.f3d","friendlyName":"Bateriefach","displayName":"Bateriefach","zipped":false,"rootFile":"","contentType":"f3d","shareInfo":null,"references":[],"metadata":{}},{"id":1929196,"version":22,"about":"urn:adsk.wipprod:fs.file:vf.hLfeYK77SbWto6YDwY66fg?version=22","lineage":"urn:adsk.wipprod:dm.lineage:hLfeYK77SbWto6YDwY66fg","from":"urn:adsk.objects:os.object:wip.dm.prod/9f600238-cb92-42a5-a53b-8aa12b0bbd3a.f3d","relativePath":"2d824370-1cf3-472e-999c-806033c0be97.f3d","downloadAs":"2d824370-1cf3-472e-999c-806033c0be97.f3d","friendlyName":"V9","displayName":"V9","zipped":false,"rootFile":"","contentType":"f3d","shareInfo":null,"references":[{"type":"XREF","ids":[1929197,1929198],"relationships":[{"id":1929197,"metadata":{"neutronRole":"4bc2e26f-9356-4167-871c-93ea432ce291","neutronData":""}},{"id":1929198,"metadata":{"neutronRole":"0d613e94-7843-4670-80e5-15717f0cb94a","neutronData":""}}]}],"metadata":{}},{"id":1929197,"version":1,"about":"urn:adsk.wipprod:fs.file:vf.hkszsxspRvW0aCLAzxsFGA?version=1","lineage":"urn:adsk.wipprod:dm.lineage:hkszsxspRvW0aCLAzxsFGA","from":"urn:adsk.objects:os.object:wip.dm.prod/88d1f515-c04f-4af7-8c57-af6ed57af65b.f3d","relativePath":"e987be2d-a4c1-4c86-9b85-46691165eb51.f3d","downloadAs":"e987be2d-a4c1-4c86-9b85-46691165eb51.f3d","friendlyName":"micro:bit+motor:bit","displayName":"micro:bit+motor:bit","zipped":false,"rootFile":"","contentType":"f3d","shareInfo":null,"references":[],"metadata":{}}]}]}}